﻿<?xml version="1.0" encoding="utf-8"?>
<!DOCTYPE KeyValidationSettings [
  <!ELEMENT KeyValidationSettings ANY>
  <!ELEMENT Server ANY>
  <!ELEMENT login ANY>
  <!ELEMENT password ANY>
  <!ELEMENT sql ANY>
  <!ATTLIST sql id ID #REQUIRED>]>
<KeyValidationSettings>
  <Server>BOS1BLLMJDUFOU</Server>
  <login>dsasp1</login>
  <password>93xgmz2</password>
  <sql id='1'>
    <column>Publisher as publisherName</column>
    <column>[Placement Name] as placementName</column>
    <column>[Creative Name] as creativeName</column>
    <column>Headline</column>
    <column>[Description Line 1] as description1</column>
    <column>[Description Line 2] as description2</column>
    <column>[Display URL] as displayURL</column>
    <column>[Geographic Location] as locale</column>
    <column>Keyword</column>
    <column>[Destination URL] as clickURL</column>
    <column>[Max CPC] as maxCPC</column>
  </sql>
  <sql id='2'>
    <column>publisherName = ''</column>
    <column>placementName = ''</column>
    <column>[Creative Name] as creativeName</column>
    <column>Headline = ''</column>
    <column>description1 = ''</column>
    <column>description2 = ''</column>
    <column>displayURL = ''</column>
    <column>[Geographic Location] as locale</column>
    <column>Keyword</column>
    <column>[Destination URL] as clickURL</column>
    <column>[Max CPC] as maxCPC</column>
  </sql>
</KeyValidationSettings>
